member_id,name,age,sex,service,status,last_service_date,months_overdue
M0001,Kiran Reddy,58,F,Flu Vaccine,Never done,,
M0001,Kiran Reddy,58,F,Mammogram,Never done,,
M0001,Kiran Reddy,58,F,Cervical Cancer Screening,Overdue,2021-12-12,21
M0001,Kiran Reddy,58,F,Cholesterol Screening,Overdue,2021-01-05,9
M0002,Rahul Iyer,62,M,Annual Wellness Visit,Never done,,
M0002,Rahul Iyer,62,M,Colorectal Cancer Screening,Overdue,2009-07-22,86
M0003,Neha Sharma,56,F,Annual Wellness Visit,Never done,,
M0003,Neha Sharma,56,F,Flu Vaccine,Overdue,2025-02-17,7
M0003,Neha Sharma,56,F,Mammogram,Overdue,2023-02-26,19
M0003,Neha Sharma,56,F,Cervical Cancer Screening,Never done,,
M0003,Neha Sharma,56,F,Colorectal Cancer Screening,Never done,,
M0003,Neha Sharma,56,F,Cholesterol Screening,Overdue,2018-10-12,35
M0004,Vikram Patel,23,F,Cervical Cancer Screening,Never done,,
M0005,Asha Reddy,62,F,Annual Wellness Visit,Never done,,
M0005,Asha Reddy,62,F,Flu Vaccine,Never done,,
M0005,Asha Reddy,62,F,Cervical Cancer Screening,Overdue,2023-02-25,7
M0005,Asha Reddy,62,F,Colorectal Cancer Screening,Overdue,2015-06-26,15
M0005,Asha Reddy,62,F,Cholesterol Screening,Overdue,2019-06-21,27
M0006,Priya Patel,52,M,Cholesterol Screening,Never done,,
M0007,Asha Sharma,47,M,Annual Wellness Visit,Never done,,
M0007,Asha Sharma,47,M,Colorectal Cancer Screening,Overdue,2016-07-03,3
M0007,Asha Sharma,47,M,Cholesterol Screening,Overdue,2018-08-01,38
M0008,Sana Nair,66,F,Annual Wellness Visit,Never done,,
M0008,Sana Nair,66,F,Mammogram,Overdue,2023-09-15,12
M0008,Sana Nair,66,F,Colorectal Cancer Screening,Overdue,2015-09-21,12
M0009,Rahul Sharma,37,F,Annual Wellness Visit,Overdue,2025-04-26,5
M0009,Rahul Sharma,37,F,Flu Vaccine,Never done,,
M0010,Priya Patel,45,F,Annual Wellness Visit,Overdue,2025-03-25,6
M0010,Priya Patel,45,F,Cholesterol Screening,Overdue,2019-08-09,25
M0011,Sana Das,73,F,Flu Vaccine,Never done,,
M0011,Sana Das,73,F,Mammogram,Never done,,
M0011,Sana Das,73,F,Colorectal Cancer Screening,Never done,,
M0011,Sana Das,73,F,Cholesterol Screening,Never done,,
M0012,Asha Sharma,40,M,Flu Vaccine,Never done,,
M0013,Kiran Khan,24,F,Annual Wellness Visit,Overdue,2025-05-01,5
M0013,Kiran Khan,24,F,Flu Vaccine,Overdue,2025-07-22,2
M0014,Kiran Rao,60,F,Annual Wellness Visit,Overdue,2025-02-27,7
M0014,Kiran Rao,60,F,Mammogram,Overdue,2023-05-28,16
M0014,Kiran Rao,60,F,Colorectal Cancer Screening,Overdue,2015-04-16,17
M0015,Rahul Reddy,33,F,Flu Vaccine,Never done,,
M0015,Rahul Reddy,33,F,Cervical Cancer Screening,Overdue,2023-02-18,7
M0016,Ravi Rao,59,M,Annual Wellness Visit,Overdue,2025-02-06,7
M0016,Ravi Rao,59,M,Flu Vaccine,Never done,,
M0016,Ravi Rao,59,M,Colorectal Cancer Screening,Never done,,
M0016,Ravi Rao,59,M,Cholesterol Screening,Never done,,
M0017,Neha Rao,46,M,Annual Wellness Visit,Never done,,
M0017,Neha Rao,46,M,Flu Vaccine,Overdue,2024-10-26,11
M0017,Neha Rao,46,M,Colorectal Cancer Screening,Never done,,
M0018,Sana Rao,31,M,Annual Wellness Visit,Overdue,2025-06-29,3
M0018,Sana Rao,31,M,Flu Vaccine,Never done,,
M0019,Arjun Gupta,22,F,Annual Wellness Visit,Overdue,2025-06-22,3
M0019,Arjun Gupta,22,F,Cervical Cancer Screening,Never done,,
M0020,Kiran Khan,44,F,Annual Wellness Visit,Never done,,
M0020,Kiran Khan,44,F,Flu Vaccine,Never done,,
M0020,Kiran Khan,44,F,Cervical Cancer Screening,Overdue,2022-12-15,9
M0020,Kiran Khan,44,F,Cholesterol Screening,Overdue,2019-03-03,31
M0021,Asha Das,35,F,Annual Wellness Visit,Overdue,2025-05-22,4
M0021,Asha Das,35,F,Cervical Cancer Screening,Overdue,2022-12-31,9
M0022,Sana Khan,39,F,Flu Vaccine,Overdue,2025-01-03,9
M0022,Sana Khan,39,F,Cervical Cancer Screening,Overdue,2020-12-11,33
M0023,Ravi Patel,61,F,Annual Wellness Visit,Never done,,
M0023,Ravi Patel,61,F,Flu Vaccine,Never done,,
M0023,Ravi Patel,61,F,Cervical Cancer Screening,Overdue,2022-02-06,19
M0023,Ravi Patel,61,F,Colorectal Cancer Screening,Overdue,2011-01-16,68
M0024,Asha Iyer,75,M,Annual Wellness Visit,Overdue,2025-06-22,3
M0024,Asha Iyer,75,M,Flu Vaccine,Never done,,
M0024,Asha Iyer,75,M,Cholesterol Screening,Overdue,2017-10-11,47
M0025,Rahul Patel,28,F,Flu Vaccine,Never done,,
M0026,Kiran Khan,54,M,Annual Wellness Visit,Never done,,
M0026,Kiran Khan,54,M,Colorectal Cancer Screening,Overdue,2014-03-06,30
M0026,Kiran Khan,54,M,Cholesterol Screening,Overdue,2017-03-02,55
M0027,Vikram Gupta,60,M,Annual Wellness Visit,Never done,,
M0027,Vikram Gupta,60,M,Flu Vaccine,Never done,,
M0027,Vikram Gupta,60,M,Colorectal Cancer Screening,Never done,,
M0029,Priya Gupta,44,F,Annual Wellness Visit,Never done,,
M0029,Priya Gupta,44,F,Flu Vaccine,Overdue,2025-01-24,8
M0029,Priya Gupta,44,F,Cervical Cancer Screening,Never done,,
M0029,Priya Gupta,44,F,Cholesterol Screening,Never done,,
M0030,Sana Singh,69,F,Annual Wellness Visit,Overdue,2025-08-03,2
M0030,Sana Singh,69,F,Flu Vaccine,Overdue,2025-07-18,2
M0030,Sana Singh,69,F,Mammogram,Never done,,
M0030,Sana Singh,69,F,Colorectal Cancer Screening,Never done,,
M0030,Sana Singh,69,F,Cholesterol Screening,Never done,,
M0031,Vikram Khan,19,M,Annual Wellness Visit,Overdue,2025-08-13,1
M0031,Vikram Khan,19,M,Flu Vaccine,Overdue,2025-05-28,4
M0032,Kiran Reddy,67,F,Annual Wellness Visit,Never done,,
M0032,Kiran Reddy,67,F,Flu Vaccine,Never done,,
M0032,Kiran Reddy,67,F,Mammogram,Overdue,2024-01-10,8
M0033,Ravi Gupta,79,F,Flu Vaccine,Overdue,2025-08-17,1
M0034,Arjun Sharma,68,M,Flu Vaccine,Overdue,2025-07-02,3
M0034,Arjun Sharma,68,M,Colorectal Cancer Screening,Never done,,
M0034,Arjun Sharma,68,M,Cholesterol Screening,Never done,,
M0035,Neha Das,79,M,Annual Wellness Visit,Overdue,2025-01-07,8
M0036,Sana Patel,29,F,Annual Wellness Visit,Overdue,2025-01-03,9
M0036,Sana Patel,29,F,Flu Vaccine,Never done,,
M0037,Asha Sharma,59,M,Annual Wellness Visit,Overdue,2025-07-18,2
M0037,Asha Sharma,59,M,Flu Vaccine,Never done,,
M0037,Asha Sharma,59,M,Colorectal Cancer Screening,Overdue,2009-12-13,81
M0038,Neha Khan,32,F,Annual Wellness Visit,Overdue,2025-04-28,5
M0038,Neha Khan,32,F,Flu Vaccine,Overdue,2025-01-10,8
M0038,Neha Khan,32,F,Cervical Cancer Screening,Overdue,2023-07-04,3
M0039,Asha Nair,63,F,Flu Vaccine,Never done,,
M0039,Asha Nair,63,F,Mammogram,Never done,,
M0039,Asha Nair,63,F,Colorectal Cancer Screening,Overdue,2016-02-25,7
M0040,Rahul Rao,25,M,Annual Wellness Visit,Overdue,2025-02-06,7
M0040,Rahul Rao,25,M,Flu Vaccine,Never done,,
M0041,Rahul Rao,37,M,Annual Wellness Visit,Never done,,
M0041,Rahul Rao,37,M,Flu Vaccine,Never done,,
M0042,Kiran Iyer,62,M,Annual Wellness Visit,Never done,,
M0042,Kiran Iyer,62,M,Flu Vaccine,Never done,,
M0042,Kiran Iyer,62,M,Colorectal Cancer Screening,Never done,,
M0042,Kiran Iyer,62,M,Cholesterol Screening,Never done,,
M0043,Sana Khan,45,F,Flu Vaccine,Never done,,
M0043,Sana Khan,45,F,Cervical Cancer Screening,Never done,,
M0043,Sana Khan,45,F,Colorectal Cancer Screening,Overdue,2016-03-02,7
M0043,Sana Khan,45,F,Cholesterol Screening,Never done,,
M0044,Rahul Rao,50,M,Annual Wellness Visit,Never done,,
M0044,Rahul Rao,50,M,Flu Vaccine,Never done,,
M0044,Rahul Rao,50,M,Colorectal Cancer Screening,Never done,,
M0044,Rahul Rao,50,M,Cholesterol Screening,Never done,,
M0045,Meera Das,61,F,Annual Wellness Visit,Overdue,2025-06-10,3
M0045,Meera Das,61,F,Flu Vaccine,Never done,,
M0045,Meera Das,61,F,Mammogram,Overdue,2023-05-26,16
M0045,Meera Das,61,F,Cervical Cancer Screening,Overdue,2021-03-01,31
M0045,Meera Das,61,F,Colorectal Cancer Screening,Never done,,
M0047,Asha Reddy,41,M,Flu Vaccine,Never done,,
M0048,Sana Nair,47,F,Annual Wellness Visit,Never done,,
M0048,Sana Nair,47,F,Flu Vaccine,Overdue,2025-04-29,5
M0048,Sana Nair,47,F,Colorectal Cancer Screening,Overdue,2013-03-27,42
M0049,Sana Iyer,39,M,Annual Wellness Visit,Never done,,
M0049,Sana Iyer,39,M,Flu Vaccine,Overdue,2024-10-30,11
M0050,Kiran Singh,80,F,Annual Wellness Visit,Overdue,2025-05-09,4
M0050,Kiran Singh,80,F,Flu Vaccine,Never done,,
M0051,Meera Singh,46,M,Annual Wellness Visit,Never done,,
M0051,Meera Singh,46,M,Flu Vaccine,Never done,,
M0051,Meera Singh,46,M,Colorectal Cancer Screening,Never done,,
M0051,Meera Singh,46,M,Cholesterol Screening,Never done,,
M0051,Meera Singh,46,M,HbA1c Test (Diabetes),Never done,,
M0051,Meera Singh,46,M,Diabetic Eye Exam,Never done,,
M0052,Asha Gupta,42,M,Annual Wellness Visit,Overdue,2024-11-28,10
M0052,Asha Gupta,42,M,Flu Vaccine,Never done,,
M0052,Asha Gupta,42,M,Cholesterol Screening,Never done,,
M0053,Asha Iyer,62,F,Annual Wellness Visit,Overdue,2025-06-21,3
M0053,Asha Iyer,62,F,Flu Vaccine,Overdue,2025-03-11,6
M0053,Asha Iyer,62,F,Mammogram,Overdue,2022-11-09,22
M0053,Asha Iyer,62,F,Cervical Cancer Screening,Never done,,
M0053,Asha Iyer,62,F,Cholesterol Screening,Never done,,
M0053,Asha Iyer,62,F,Diabetic Eye Exam,Overdue,2025-01-16,8
M0054,Vikram Iyer,27,M,Annual Wellness Visit,Never done,,
M0054,Vikram Iyer,27,M,Flu Vaccine,Never done,,
M0055,Kiran Singh,62,M,Annual Wellness Visit,Never done,,
M0055,Kiran Singh,62,M,Flu Vaccine,Overdue,2025-08-11,1
M0055,Kiran Singh,62,M,Colorectal Cancer Screening,Overdue,2008-01-24,104
M0055,Kiran Singh,62,M,Cholesterol Screening,Never done,,
M0056,Sana Reddy,67,M,Annual Wellness Visit,Never done,,
M0056,Sana Reddy,67,M,Flu Vaccine,Overdue,2024-11-23,10
M0056,Sana Reddy,67,M,Colorectal Cancer Screening,Never done,,
M0056,Sana Reddy,67,M,Cholesterol Screening,Never done,,
M0057,Vikram Rao,75,F,Colorectal Cancer Screening,Never done,,
M0057,Vikram Rao,75,F,Cholesterol Screening,Never done,,
M0058,Vikram Iyer,71,M,Annual Wellness Visit,Never done,,
M0058,Vikram Iyer,71,M,Colorectal Cancer Screening,Never done,,
M0058,Vikram Iyer,71,M,Cholesterol Screening,Never done,,
M0059,Priya Rao,69,M,Flu Vaccine,Overdue,2024-10-17,11
M0059,Priya Rao,69,M,Colorectal Cancer Screening,Never done,,
M0059,Priya Rao,69,M,Cholesterol Screening,Never done,,
M0059,Priya Rao,69,M,Diabetic Eye Exam,Overdue,2024-12-10,9
M0060,Kiran Sharma,74,M,Annual Wellness Visit,Never done,,
M0060,Kiran Sharma,74,M,Colorectal Cancer Screening,Never done,,
M0060,Kiran Sharma,74,M,Cholesterol Screening,Overdue,2021-02-26,7
M0061,Neha Singh,26,M,Flu Vaccine,Never done,,
M0062,Arjun Nair,78,M,Annual Wellness Visit,Never done,,
M0062,Arjun Nair,78,M,Flu Vaccine,Never done,,
M0063,Kiran Khan,55,F,Annual Wellness Visit,Never done,,
M0063,Kiran Khan,55,F,Flu Vaccine,Overdue,2025-02-15,7
M0063,Kiran Khan,55,F,Cervical Cancer Screening,Never done,,
M0063,Kiran Khan,55,F,Colorectal Cancer Screening,Overdue,2009-04-24,89
M0063,Kiran Khan,55,F,Cholesterol Screening,Overdue,2019-12-30,21
M0064,Asha Khan,52,F,Cervical Cancer Screening,Overdue,2021-12-16,21
M0064,Asha Khan,52,F,Colorectal Cancer Screening,Overdue,2009-12-15,81
M0064,Asha Khan,52,F,Cholesterol Screening,Overdue,2021-08-26,1
M0064,Asha Khan,52,F,HbA1c Test (Diabetes),Never done,,
M0065,Asha Nair,46,F,Annual Wellness Visit,Overdue,2024-11-16,10
M0065,Asha Nair,46,F,Flu Vaccine,Never done,,
M0065,Asha Nair,46,F,Cervical Cancer Screening,Never done,,
M0066,Rahul Nair,22,M,Annual Wellness Visit,Never done,,
M0066,Rahul Nair,22,M,Flu Vaccine,Overdue,2025-01-02,9
M0067,Kiran Singh,64,M,Annual Wellness Visit,Overdue,2025-05-29,4
M0067,Kiran Singh,64,M,Cholesterol Screening,Never done,,
M0068,Arjun Khan,23,F,Annual Wellness Visit,Overdue,2025-01-13,8
M0068,Arjun Khan,23,F,Flu Vaccine,Never done,,
M0068,Arjun Khan,23,F,Cervical Cancer Screening,Overdue,2022-09-18,12
M0069,Neha Reddy,56,M,Annual Wellness Visit,Overdue,2025-04-30,5
M0069,Neha Reddy,56,M,Colorectal Cancer Screening,Overdue,2008-07-29,98
M0069,Neha Reddy,56,M,Cholesterol Screening,Overdue,2020-05-22,16
M0069,Neha Reddy,56,M,HbA1c Test (Diabetes),Never done,,
M0069,Neha Reddy,56,M,Diabetic Eye Exam,Never done,,
M0070,Sana Rao,57,F,Flu Vaccine,Never done,,
M0070,Sana Rao,57,F,Cervical Cancer Screening,Never done,,
M0070,Sana Rao,57,F,Cholesterol Screening,Overdue,2018-05-15,40
M0071,Meera Patel,31,M,Flu Vaccine,Never done,,
M0072,Kiran Nair,45,M,Annual Wellness Visit,Overdue,2025-06-22,3
M0072,Kiran Nair,45,M,Flu Vaccine,Overdue,2025-01-06,8
M0072,Kiran Nair,45,M,Colorectal Cancer Screening,Overdue,2013-03-28,42
M0073,Asha Das,66,M,Annual Wellness Visit,Never done,,
M0073,Asha Das,66,M,Flu Vaccine,Overdue,2025-08-12,1
M0073,Asha Das,66,M,Colorectal Cancer Screening,Overdue,2007-05-09,112
M0073,Asha Das,66,M,Cholesterol Screening,Never done,,
M0074,Priya Iyer,73,M,Flu Vaccine,Never done,,
M0074,Priya Iyer,73,M,Colorectal Cancer Screening,Overdue,2007-09-27,108
M0075,Meera Sharma,65,F,Mammogram,Never done,,
M0076,Vikram Das,59,F,Annual Wellness Visit,Never done,,
M0076,Vikram Das,59,F,Flu Vaccine,Never done,,
M0076,Vikram Das,59,F,Mammogram,Overdue,2023-07-07,14
M0076,Vikram Das,59,F,Cervical Cancer Screening,Never done,,
M0076,Vikram Das,59,F,Colorectal Cancer Screening,Never done,,
M0076,Vikram Das,59,F,Cholesterol Screening,Overdue,2019-08-24,25
M0077,Arjun Nair,58,M,Annual Wellness Visit,Overdue,2025-05-21,4
M0077,Arjun Nair,58,M,Colorectal Cancer Screening,Never done,,
M0077,Arjun Nair,58,M,Cholesterol Screening,Overdue,2021-06-28,3
M0078,Neha Khan,59,M,Annual Wellness Visit,Never done,,
M0078,Neha Khan,59,M,Colorectal Cancer Screening,Overdue,2010-10-23,71
M0079,Arjun Gupta,76,M,Annual Wellness Visit,Overdue,2024-11-28,10
M0079,Arjun Gupta,76,M,Flu Vaccine,Never done,,
M0080,Meera Patel,27,F,Annual Wellness Visit,Overdue,2024-11-03,11
M0080,Meera Patel,27,F,Flu Vaccine,Never done,,
M0080,Meera Patel,27,F,Cervical Cancer Screening,Never done,,
M0081,Priya Nair,71,F,Annual Wellness Visit,Overdue,2025-08-30,1
M0081,Priya Nair,71,F,Mammogram,Overdue,2023-12-15,9
M0081,Priya Nair,71,F,Cholesterol Screening,Never done,,
M0082,Rahul Khan,74,F,Flu Vaccine,Overdue,2024-12-05,10
M0082,Rahul Khan,74,F,Mammogram,Never done,,
M0082,Rahul Khan,74,F,Cholesterol Screening,Never done,,
M0083,Sana Das,66,F,Annual Wellness Visit,Never done,,
M0083,Sana Das,66,F,Flu Vaccine,Overdue,2025-01-29,8
M0083,Sana Das,66,F,Mammogram,Never done,,
M0083,Sana Das,66,F,Colorectal Cancer Screening,Never done,,
M0084,Asha Das,69,F,Annual Wellness Visit,Never done,,
M0084,Asha Das,69,F,Mammogram,Never done,,
M0084,Asha Das,69,F,Colorectal Cancer Screening,Overdue,2009-07-25,86
M0084,Asha Das,69,F,Cholesterol Screening,Overdue,2021-08-22,1
M0085,Asha Singh,23,M,Annual Wellness Visit,Overdue,2025-04-09,5
M0085,Asha Singh,23,M,Flu Vaccine,Overdue,2025-08-06,1
M0086,Vikram Khan,26,M,Annual Wellness Visit,Never done,,
M0086,Vikram Khan,26,M,Flu Vaccine,Overdue,2024-12-14,9
M0087,Priya Gupta,33,F,Flu Vaccine,Never done,,
M0087,Priya Gupta,33,F,Cervical Cancer Screening,Overdue,2020-11-25,34
M0087,Priya Gupta,33,F,Diabetic Eye Exam,Overdue,2025-07-06,2
M0088,Arjun Sharma,29,F,Annual Wellness Visit,Never done,,
M0088,Arjun Sharma,29,F,Flu Vaccine,Overdue,2025-04-04,6
M0088,Arjun Sharma,29,F,Cervical Cancer Screening,Never done,,
M0089,Arjun Khan,40,F,Annual Wellness Visit,Overdue,2025-02-23,7
M0089,Arjun Khan,40,F,Flu Vaccine,Overdue,2024-11-16,10
M0089,Arjun Khan,40,F,Cervical Cancer Screening,Overdue,2021-04-24,29
M0089,Arjun Khan,40,F,Cholesterol Screening,Never done,,
M0090,Sana Nair,20,F,Annual Wellness Visit,Overdue,2025-02-26,7
M0091,Priya Patel,45,M,Annual Wellness Visit,Never done,,
M0091,Priya Patel,45,M,Flu Vaccine,Overdue,2025-04-14,5
M0091,Priya Patel,45,M,Colorectal Cancer Screening,Never done,,
M0091,Priya Patel,45,M,Cholesterol Screening,Overdue,2019-12-04,22
M0092,Sana Iyer,38,F,Annual Wellness Visit,Overdue,2025-06-26,3
M0092,Sana Iyer,38,F,Flu Vaccine,Overdue,2025-06-08,3
M0092,Sana Iyer,38,F,Cervical Cancer Screening,Never done,,
M0093,Priya Patel,78,F,Flu Vaccine,Never done,,
M0094,Arjun Patel,20,F,Flu Vaccine,Overdue,2025-03-12,6
M0095,Kiran Gupta,25,M,Annual Wellness Visit,Overdue,2025-04-21,5
M0096,Sana Iyer,60,F,Annual Wellness Visit,Never done,,
M0096,Sana Iyer,60,F,Flu Vaccine,Never done,,
M0096,Sana Iyer,60,F,Mammogram,Never done,,
M0096,Sana Iyer,60,F,Cervical Cancer Screening,Never done,,
M0096,Sana Iyer,60,F,Colorectal Cancer Screening,Never done,,
M0097,Rahul Patel,33,F,Annual Wellness Visit,Overdue,2025-02-18,7
M0097,Rahul Patel,33,F,Cervical Cancer Screening,Never done,,
M0098,Neha Patel,59,M,Annual Wellness Visit,Overdue,2025-02-18,7
M0098,Neha Patel,59,M,Flu Vaccine,Never done,,
M0098,Neha Patel,59,M,Colorectal Cancer Screening,Never done,,
M0099,Sana Reddy,32,M,Annual Wellness Visit,Never done,,
M0100,Asha Sharma,56,F,Annual Wellness Visit,Overdue,2024-11-18,10
M0100,Asha Sharma,56,F,Flu Vaccine,Never done,,
M0100,Asha Sharma,56,F,Cervical Cancer Screening,Never done,,
M0100,Asha Sharma,56,F,Colorectal Cancer Screening,Overdue,2012-05-07,52
M0100,Asha Sharma,56,F,Cholesterol Screening,Overdue,2019-08-25,25
M0101,Ravi Rao,48,M,Annual Wellness Visit,Overdue,2025-07-07,2
M0101,Ravi Rao,48,M,Colorectal Cancer Screening,Never done,,
M0101,Ravi Rao,48,M,Cholesterol Screening,Never done,,
M0102,Vikram Sharma,50,F,Mammogram,Overdue,2024-07-11,2
M0102,Vikram Sharma,50,F,Cervical Cancer Screening,Never done,,
M0102,Vikram Sharma,50,F,Colorectal Cancer Screening,Overdue,2007-04-10,113
M0102,Vikram Sharma,50,F,Cholesterol Screening,Never done,,
M0103,Vikram Nair,64,F,Mammogram,Never done,,
M0104,Sana Patel,72,M,Annual Wellness Visit,Never done,,
M0104,Sana Patel,72,M,Flu Vaccine,Overdue,2025-07-22,2
M0104,Sana Patel,72,M,Colorectal Cancer Screening,Overdue,2015-05-16,16
M0104,Sana Patel,72,M,Cholesterol Screening,Overdue,2020-07-06,14
M0104,Sana Patel,72,M,HbA1c Test (Diabetes),Overdue,2025-10-21,5
M0104,Sana Patel,72,M,Diabetic Eye Exam,Never done,,
M0105,Arjun Nair,25,F,Annual Wellness Visit,Never done,,
M0105,Arjun Nair,25,F,Flu Vaccine,Never done,,
M0106,Rahul Patel,56,F,Annual Wellness Visit,Overdue,2024-12-13,9
M0106,Rahul Patel,56,F,Flu Vaccine,Never done,,
M0106,Rahul Patel,56,F,Cervical Cancer Screening,Overdue,2020-12-18,33
M0106,Rahul Patel,56,F,Colorectal Cancer Screening,Overdue,2010-10-14,71
M0106,Rahul Patel,56,F,Cholesterol Screening,Overdue,2021-05-09,4
M0107,Asha Gupta,25,M,Annual Wellness Visit,Overdue,2024-11-03,11
M0107,Asha Gupta,25,M,Flu Vaccine,Never done,,
M0108,Ravi Reddy,27,F,Flu Vaccine,Overdue,2025-07-10,2
M0108,Ravi Reddy,27,F,Cervical Cancer Screening,Overdue,2021-05-23,28
M0108,Ravi Reddy,27,F,Diabetic Eye Exam,Overdue,2025-02-08,7
M0109,Arjun Khan,38,M,Annual Wellness Visit,Overdue,2025-03-09,6
M0110,Sana Iyer,35,M,Annual Wellness Visit,Never done,,
M0110,Sana Iyer,35,M,Flu Vaccine,Never done,,
M0111,Ravi Patel,79,M,Annual Wellness Visit,Never done,,
M0111,Ravi Patel,79,M,Flu Vaccine,Never done,,
M0112,Neha Reddy,33,F,Annual Wellness Visit,Never done,,
M0112,Neha Reddy,33,F,Flu Vaccine,Overdue,2025-07-09,2
M0113,Asha Sharma,66,M,Annual Wellness Visit,Never done,,
M0113,Asha Sharma,66,M,Colorectal Cancer Screening,Never done,,
M0113,Asha Sharma,66,M,Cholesterol Screening,Overdue,2017-04-20,53
M0114,Rahul Sharma,74,F,Annual Wellness Visit,Never done,,
M0114,Rahul Sharma,74,F,Flu Vaccine,Overdue,2025-05-28,4
M0114,Rahul Sharma,74,F,Mammogram,Never done,,
M0114,Rahul Sharma,74,F,Colorectal Cancer Screening,Never done,,
M0114,Rahul Sharma,74,F,Cholesterol Screening,Overdue,2021-01-09,8
M0115,Meera Rao,39,M,Annual Wellness Visit,Never done,,
M0115,Meera Rao,39,M,Flu Vaccine,Never done,,
M0116,Priya Reddy,48,F,Flu Vaccine,Never done,,
M0116,Priya Reddy,48,F,Cervical Cancer Screening,Overdue,2022-08-25,13
M0116,Priya Reddy,48,F,Colorectal Cancer Screening,Never done,,
M0116,Priya Reddy,48,F,Diabetic Eye Exam,Overdue,2025-04-09,5
M0117,Sana Patel,77,M,Annual Wellness Visit,Never done,,
M0118,Rahul Sharma,69,F,Annual Wellness Visit,Overdue,2025-03-14,6
M0118,Rahul Sharma,69,F,Flu Vaccine,Never done,,
M0118,Rahul Sharma,69,F,Mammogram,Overdue,2023-07-08,14
M0118,Rahul Sharma,69,F,Colorectal Cancer Screening,Overdue,2014-08-23,25
M0119,Neha Das,63,M,Annual Wellness Visit,Never done,,
M0119,Neha Das,63,M,Flu Vaccine,Overdue,2025-03-29,6
M0119,Neha Das,63,M,Colorectal Cancer Screening,Never done,,
M0119,Neha Das,63,M,Diabetic Eye Exam,Never done,,
M0120,Ravi Nair,55,F,Annual Wellness Visit,Never done,,
M0120,Ravi Nair,55,F,Flu Vaccine,Never done,,
M0120,Ravi Nair,55,F,Mammogram,Overdue,2024-01-13,8
M0120,Ravi Nair,55,F,Cervical Cancer Screening,Overdue,2022-02-04,20
M0120,Ravi Nair,55,F,Cholesterol Screening,Never done,,
M0121,Priya Singh,44,M,Annual Wellness Visit,Overdue,2024-10-28,11
M0121,Priya Singh,44,M,Flu Vaccine,Never done,,
M0121,Priya Singh,44,M,Cholesterol Screening,Never done,,
M0123,Ravi Gupta,76,F,Annual Wellness Visit,Overdue,2025-01-01,9
M0123,Ravi Gupta,76,F,Flu Vaccine,Never done,,
M0124,Arjun Reddy,36,M,Flu Vaccine,Never done,,
M0125,Arjun Singh,45,M,Annual Wellness Visit,Never done,,
M0125,Arjun Singh,45,M,Flu Vaccine,Overdue,2025-07-06,2
M0125,Arjun Singh,45,M,Cholesterol Screening,Overdue,2018-09-29,36
M0125,Arjun Singh,45,M,HbA1c Test (Diabetes),Overdue,2026-01-11,2
M0125,Arjun Singh,45,M,Diabetic Eye Exam,Never done,,
M0126,Meera Singh,53,M,Colorectal Cancer Screening,Overdue,2010-06-06,75
M0126,Meera Singh,53,M,Cholesterol Screening,Never done,,
M0127,Rahul Nair,56,F,Flu Vaccine,Never done,,
M0127,Rahul Nair,56,F,Colorectal Cancer Screening,Never done,,
M0127,Rahul Nair,56,F,Cholesterol Screening,Overdue,2018-03-22,42
M0128,Neha Patel,63,M,Annual Wellness Visit,Never done,,
M0128,Neha Patel,63,M,Flu Vaccine,Overdue,2025-03-08,6
M0128,Neha Patel,63,M,Colorectal Cancer Screening,Overdue,2015-07-12,14
M0128,Neha Patel,63,M,Cholesterol Screening,Overdue,2017-09-04,49
M0129,Asha Gupta,76,M,Annual Wellness Visit,Never done,,
M0129,Asha Gupta,76,M,Flu Vaccine,Never done,,
M0130,Vikram Das,49,M,Flu Vaccine,Overdue,2025-02-23,7
M0130,Vikram Das,49,M,Colorectal Cancer Screening,Never done,,
M0130,Vikram Das,49,M,Cholesterol Screening,Overdue,2017-04-09,53
M0131,Kiran Sharma,60,F,Annual Wellness Visit,Never done,,
M0131,Kiran Sharma,60,F,Flu Vaccine,Overdue,2025-04-06,5
M0131,Kiran Sharma,60,F,Cervical Cancer Screening,Never done,,
M0131,Kiran Sharma,60,F,Colorectal Cancer Screening,Never done,,
M0131,Kiran Sharma,60,F,Cholesterol Screening,Never done,,
M0132,Sana Nair,53,F,Annual Wellness Visit,Never done,,
M0132,Sana Nair,53,F,Flu Vaccine,Overdue,2024-10-15,11
M0132,Sana Nair,53,F,Cholesterol Screening,Overdue,2020-10-10,11
M0132,Sana Nair,53,F,Diabetic Eye Exam,Overdue,2025-07-26,2
M0133,Kiran Reddy,23,M,Flu Vaccine,Never done,,
M0134,Arjun Gupta,23,M,Annual Wellness Visit,Never done,,
M0134,Arjun Gupta,23,M,Flu Vaccine,Never done,,
M0135,Arjun Rao,61,F,Annual Wellness Visit,Never done,,
M0135,Arjun Rao,61,F,Flu Vaccine,Overdue,2025-07-25,2
M0135,Arjun Rao,61,F,Mammogram,Never done,,
M0135,Arjun Rao,61,F,Colorectal Cancer Screening,Overdue,2007-08-18,109
M0135,Arjun Rao,61,F,Cholesterol Screening,Overdue,2020-08-13,13
M0136,Priya Reddy,62,M,Annual Wellness Visit,Never done,,
M0136,Priya Reddy,62,M,Flu Vaccine,Overdue,2024-12-16,9
M0136,Priya Reddy,62,M,Cholesterol Screening,Never done,,
M0136,Priya Reddy,62,M,Diabetic Eye Exam,Overdue,2025-08-17,1
M0137,Rahul Iyer,45,M,Annual Wellness Visit,Never done,,
M0137,Rahul Iyer,45,M,Flu Vaccine,Never done,,
M0137,Rahul Iyer,45,M,Colorectal Cancer Screening,Never done,,
M0138,Vikram Nair,24,F,Annual Wellness Visit,Overdue,2025-07-15,2
M0138,Vikram Nair,24,F,Cervical Cancer Screening,Overdue,2023-01-16,8
M0139,Meera Khan,53,F,Cervical Cancer Screening,Overdue,2021-04-01,30
M0139,Meera Khan,53,F,Colorectal Cancer Screening,Never done,,
M0140,Asha Singh,30,F,Annual Wellness Visit,Overdue,2024-12-09,9
M0140,Asha Singh,30,F,Cervical Cancer Screening,Never done,,
M0140,Asha Singh,30,F,Diabetic Eye Exam,Never done,,
M0141,Priya Patel,62,M,Annual Wellness Visit,Overdue,2024-11-26,10
M0141,Priya Patel,62,M,Flu Vaccine,Overdue,2025-01-24,8
M0141,Priya Patel,62,M,Colorectal Cancer Screening,Never done,,
M0142,Vikram Reddy,29,F,Flu Vaccine,Never done,,
M0142,Vikram Reddy,29,F,Cervical Cancer Screening,Never done,,
M0143,Neha Nair,22,M,Annual Wellness Visit,Never done,,
M0143,Neha Nair,22,M,Flu Vaccine,Never done,,
M0144,Rahul Rao,60,M,Annual Wellness Visit,Overdue,2024-11-14,10
M0144,Rahul Rao,60,M,Flu Vaccine,Never done,,
M0146,Sana Rao,64,M,Annual Wellness Visit,Never done,,
M0146,Sana Rao,64,M,Colorectal Cancer Screening,Overdue,2010-01-26,80
M0147,Priya Singh,32,F,Annual Wellness Visit,Overdue,2024-12-16,9
M0147,Priya Singh,32,F,Flu Vaccine,Never done,,
M0148,Ravi Iyer,29,M,Annual Wellness Visit,Never done,,
M0148,Ravi Iyer,29,M,Flu Vaccine,Overdue,2024-11-20,10
M0149,Arjun Sharma,63,F,Mammogram,Overdue,2024-05-02,5
M0149,Arjun Sharma,63,F,Cervical Cancer Screening,Overdue,2022-05-18,16
M0149,Arjun Sharma,63,F,Colorectal Cancer Screening,Overdue,2015-10-07,11
M0149,Arjun Sharma,63,F,Cholesterol Screening,Never done,,
M0150,Meera Khan,29,F,Annual Wellness Visit,Overdue,2025-06-01,4
M0150,Meera Khan,29,F,Flu Vaccine,Never done,,
M0150,Meera Khan,29,F,Cervical Cancer Screening,Never done,,
M0151,Vikram Das,44,M,Annual Wellness Visit,Overdue,2025-02-04,8
M0151,Vikram Das,44,M,Cholesterol Screening,Overdue,2018-01-06,44
M0152,Arjun Nair,54,M,Annual Wellness Visit,Never done,,
M0152,Arjun Nair,54,M,Flu Vaccine,Overdue,2025-06-11,3
M0153,Rahul Patel,67,F,Annual Wellness Visit,Never done,,
M0153,Rahul Patel,67,F,Flu Vaccine,Never done,,
M0153,Rahul Patel,67,F,Mammogram,Overdue,2023-03-24,18
M0153,Rahul Patel,67,F,Colorectal Cancer Screening,Never done,,
M0153,Rahul Patel,67,F,Cholesterol Screening,Never done,,
M0154,Sana Nair,28,M,Annual Wellness Visit,Never done,,
M0154,Sana Nair,28,M,Flu Vaccine,Never done,,
M0155,Rahul Iyer,71,M,Annual Wellness Visit,Never done,,
M0155,Rahul Iyer,71,M,Colorectal Cancer Screening,Overdue,2015-02-12,19
M0155,Rahul Iyer,71,M,Cholesterol Screening,Never done,,
M0156,Ravi Das,47,M,Annual Wellness Visit,Never done,,
M0156,Ravi Das,47,M,Flu Vaccine,Never done,,
M0156,Ravi Das,47,M,Cholesterol Screening,Never done,,
M0157,Vikram Patel,39,F,Annual Wellness Visit,Never done,,
M0157,Vikram Patel,39,F,Flu Vaccine,Never done,,
M0157,Vikram Patel,39,F,Cervical Cancer Screening,Never done,,
M0158,Sana Khan,30,F,Annual Wellness Visit,Never done,,
M0158,Sana Khan,30,F,Flu Vaccine,Never done,,
M0158,Sana Khan,30,F,Cervical Cancer Screening,Overdue,2022-07-05,15
M0159,Asha Reddy,45,F,Flu Vaccine,Overdue,2025-03-23,6
M0159,Asha Reddy,45,F,Cervical Cancer Screening,Overdue,2022-10-29,11
M0159,Asha Reddy,45,F,Colorectal Cancer Screening,Never done,,
M0159,Asha Reddy,45,F,Cholesterol Screening,Never done,,
M0160,Arjun Iyer,42,F,Flu Vaccine,Never done,,
M0160,Arjun Iyer,42,F,HbA1c Test (Diabetes),Never done,,
M0160,Arjun Iyer,42,F,Diabetic Eye Exam,Never done,,
M0161,Ravi Sharma,27,M,Flu Vaccine,Overdue,2025-08-08,1
M0162,Sana Reddy,36,F,Annual Wellness Visit,Overdue,2025-04-02,6
M0162,Sana Reddy,36,F,Flu Vaccine,Overdue,2025-07-31,2
M0162,Sana Reddy,36,F,Cervical Cancer Screening,Never done,,
M0163,Arjun Khan,22,F,Annual Wellness Visit,Overdue,2025-01-31,8
M0163,Arjun Khan,22,F,Flu Vaccine,Overdue,2025-02-23,7
M0163,Arjun Khan,22,F,Cervical Cancer Screening,Never done,,
M0164,Neha Singh,20,M,Annual Wellness Visit,Overdue,2025-07-21,2
M0164,Neha Singh,20,M,Flu Vaccine,Overdue,2025-03-05,7
M0165,Priya Reddy,66,F,Flu Vaccine,Never done,,
M0165,Priya Reddy,66,F,Mammogram,Overdue,2023-04-01,18
M0165,Priya Reddy,66,F,Colorectal Cancer Screening,Overdue,2010-01-17,80
M0165,Priya Reddy,66,F,Cholesterol Screening,Never done,,
M0166,Arjun Nair,61,F,Mammogram,Never done,,
M0166,Arjun Nair,61,F,Cervical Cancer Screening,Never done,,
M0166,Arjun Nair,61,F,Colorectal Cancer Screening,Never done,,
M0167,Neha Patel,34,F,Annual Wellness Visit,Overdue,2025-02-02,8
M0167,Neha Patel,34,F,Cervical Cancer Screening,Never done,,
M0168,Priya Khan,18,F,Flu Vaccine,Overdue,2024-11-03,11
M0169,Vikram Iyer,80,M,Annual Wellness Visit,Never done,,
M0170,Priya Rao,67,F,Flu Vaccine,Never done,,
M0170,Priya Rao,67,F,Mammogram,Never done,,
M0170,Priya Rao,67,F,Colorectal Cancer Screening,Overdue,2011-12-09,57
M0170,Priya Rao,67,F,Cholesterol Screening,Overdue,2018-05-27,40
M0171,Asha Khan,80,M,Annual Wellness Visit,Never done,,
M0172,Meera Reddy,22,F,Flu Vaccine,Never done,,
M0172,Meera Reddy,22,F,Cervical Cancer Screening,Overdue,2023-08-19,1
M0173,Arjun Reddy,47,M,Annual Wellness Visit,Overdue,2025-05-19,4
M0173,Arjun Reddy,47,M,Colorectal Cancer Screening,Overdue,2007-06-20,111
M0173,Arjun Reddy,47,M,HbA1c Test (Diabetes),Never done,,
M0173,Arjun Reddy,47,M,Diabetic Eye Exam,Never done,,
M0174,Sana Khan,43,F,Annual Wellness Visit,Overdue,2025-07-18,2
M0174,Sana Khan,43,F,Flu Vaccine,Never done,,
M0174,Sana Khan,43,F,Cervical Cancer Screening,Overdue,2021-07-01,27
M0175,Sana Sharma,41,F,Flu Vaccine,Overdue,2024-11-13,10
M0175,Sana Sharma,41,F,Cervical Cancer Screening,Overdue,2022-12-17,9
M0175,Sana Sharma,41,F,Cholesterol Screening,Overdue,2020-03-30,18
M0176,Meera Iyer,61,F,Flu Vaccine,Overdue,2024-12-10,9
M0176,Meera Iyer,61,F,Mammogram,Never done,,
M0176,Meera Iyer,61,F,Cervical Cancer Screening,Never done,,
M0176,Meera Iyer,61,F,Colorectal Cancer Screening,Overdue,2014-04-30,29
M0177,Neha Rao,74,F,Annual Wellness Visit,Never done,,
M0177,Neha Rao,74,F,Flu Vaccine,Never done,,
M0177,Neha Rao,74,F,Mammogram,Overdue,2023-08-17,13
M0177,Neha Rao,74,F,Colorectal Cancer Screening,Overdue,2013-12-29,33
M0178,Vikram Nair,19,F,Annual Wellness Visit,Overdue,2025-01-15,8
M0178,Vikram Nair,19,F,Flu Vaccine,Never done,,
M0179,Meera Khan,78,M,Flu Vaccine,Never done,,
M0180,Asha Sharma,71,M,Annual Wellness Visit,Overdue,2024-12-28,9
M0180,Asha Sharma,71,M,Flu Vaccine,Overdue,2025-03-15,6
M0181,Meera Sharma,38,F,Annual Wellness Visit,Never done,,
M0181,Meera Sharma,38,F,Flu Vaccine,Never done,,
M0181,Meera Sharma,38,F,Cervical Cancer Screening,Overdue,2022-03-30,18
M0181,Meera Sharma,38,F,HbA1c Test (Diabetes),Never done,,
M0181,Meera Sharma,38,F,Diabetic Eye Exam,Never done,,
M0182,Meera Nair,45,M,Annual Wellness Visit,Never done,,
M0182,Meera Nair,45,M,Flu Vaccine,Never done,,
M0182,Meera Nair,45,M,Colorectal Cancer Screening,Overdue,2010-03-21,78
M0182,Meera Nair,45,M,Cholesterol Screening,Never done,,
M0183,Rahul Rao,78,M,Flu Vaccine,Never done,,
M0184,Arjun Das,28,F,Cervical Cancer Screening,Never done,,
M0185,Ravi Das,49,M,Annual Wellness Visit,Never done,,
M0186,Rahul Das,28,F,Annual Wellness Visit,Never done,,
M0186,Rahul Das,28,F,Flu Vaccine,Overdue,2024-11-05,11
M0187,Ravi Rao,34,M,Annual Wellness Visit,Overdue,2025-02-20,7
M0187,Ravi Rao,34,M,Flu Vaccine,Never done,,
M0188,Ravi Iyer,58,F,Annual Wellness Visit,Never done,,
M0188,Ravi Iyer,58,F,Flu Vaccine,Overdue,2024-10-29,11
M0188,Ravi Iyer,58,F,Mammogram,Overdue,2023-01-30,20
M0189,Ravi Sharma,71,F,Annual Wellness Visit,Never done,,
M0189,Ravi Sharma,71,F,Flu Vaccine,Never done,,
M0189,Ravi Sharma,71,F,Mammogram,Overdue,2023-05-17,16
M0189,Ravi Sharma,71,F,Colorectal Cancer Screening,Never done,,
M0189,Ravi Sharma,71,F,Cholesterol Screening,Never done,,
M0190,Ravi Singh,77,F,Annual Wellness Visit,Never done,,
M0190,Ravi Singh,77,F,Flu Vaccine,Never done,,
M0191,Priya Sharma,80,F,Annual Wellness Visit,Never done,,
M0191,Priya Sharma,80,F,Flu Vaccine,Overdue,2024-12-02,10
M0192,Meera Khan,68,M,Annual Wellness Visit,Overdue,2025-01-17,8
M0192,Meera Khan,68,M,Flu Vaccine,Never done,,
M0192,Meera Khan,68,M,Cholesterol Screening,Never done,,
M0192,Meera Khan,68,M,HbA1c Test (Diabetes),Never done,,
M0192,Meera Khan,68,M,Diabetic Eye Exam,Never done,,
M0193,Vikram Gupta,74,M,Annual Wellness Visit,Never done,,
M0193,Vikram Gupta,74,M,Colorectal Cancer Screening,Never done,,
M0194,Sana Iyer,76,M,Annual Wellness Visit,Overdue,2025-04-20,5
M0194,Sana Iyer,76,M,Flu Vaccine,Never done,,
M0195,Kiran Singh,56,F,Annual Wellness Visit,Never done,,
M0195,Kiran Singh,56,F,Flu Vaccine,Never done,,
M0195,Kiran Singh,56,F,Mammogram,Never done,,
M0195,Kiran Singh,56,F,Cervical Cancer Screening,Never done,,
M0195,Kiran Singh,56,F,Cholesterol Screening,Overdue,2018-09-21,36
M0196,Kiran Rao,51,F,Annual Wellness Visit,Overdue,2025-05-26,4
M0196,Kiran Rao,51,F,Flu Vaccine,Overdue,2025-09-01,1
M0196,Kiran Rao,51,F,Mammogram,Never done,,
M0196,Kiran Rao,51,F,Cervical Cancer Screening,Overdue,2021-06-22,27
M0196,Kiran Rao,51,F,Colorectal Cancer Screening,Overdue,2012-06-05,52
M0196,Kiran Rao,51,F,Cholesterol Screening,Never done,,
M0197,Vikram Gupta,56,F,Mammogram,Never done,,
M0197,Vikram Gupta,56,F,Cervical Cancer Screening,Never done,,
M0197,Vikram Gupta,56,F,Cholesterol Screening,Overdue,2017-02-07,55
M0198,Priya Nair,59,F,Mammogram,Never done,,
M0198,Priya Nair,59,F,Cervical Cancer Screening,Never done,,
M0198,Priya Nair,59,F,Cholesterol Screening,Never done,,
M0199,Priya Patel,63,M,Flu Vaccine,Overdue,2025-03-21,6
M0199,Priya Patel,63,M,Colorectal Cancer Screening,Overdue,2011-10-28,59
M0199,Priya Patel,63,M,Cholesterol Screening,Never done,,
M0200,Vikram Sharma,56,M,Flu Vaccine,Never done,,
M0200,Vikram Sharma,56,M,Colorectal Cancer Screening,Overdue,2015-01-29,20
M0200,Vikram Sharma,56,M,Cholesterol Screening,Never done,,
