member_id,service_date,service_code
M0001,2026-05-24,WELLNESS
M0001,2021-12-12,PAP
M0001,2024-07-30,COLORECTAL
M0001,2021-01-05,LIPID
M0001,2024-11-09,EYE_EXAM
M0002,2026-03-26,FLU
M0002,2024-12-08,PAP
M0002,2009-07-22,COLORECTAL
M0002,2025-08-22,LIPID
M0002,2026-03-06,HBA1C
M0003,2025-02-17,FLU
M0003,2023-02-26,MAMMOGRAM
M0003,2018-10-12,LIPID
M0003,2026-05-12,HBA1C
M0004,2025-09-07,WELLNESS
M0004,2025-12-06,FLU
M0004,2012-06-09,COLORECTAL
M0004,2018-07-03,LIPID
M0004,2026-01-12,HBA1C
M0004,2024-11-19,EYE_EXAM
M0005,2026-04-23,MAMMOGRAM
M0005,2023-02-25,PAP
M0005,2015-06-26,COLORECTAL
M0005,2019-06-21,LIPID
M0005,2026-04-23,HBA1C
M0005,2025-02-08,EYE_EXAM
M0006,2026-04-17,WELLNESS
M0006,2026-06-04,FLU
M0006,2023-02-03,COLORECTAL
M0006,2026-08-04,HBA1C
M0006,2025-01-03,EYE_EXAM
M0007,2025-12-06,FLU
M0007,2023-05-22,PAP
M0007,2016-07-03,COLORECTAL
M0007,2018-08-01,LIPID
M0007,2025-04-11,EYE_EXAM
M0008,2026-03-24,FLU
M0008,2023-09-15,MAMMOGRAM
M0008,2015-09-21,COLORECTAL
M0008,2022-08-11,LIPID
M0009,2025-04-26,WELLNESS
M0009,2025-04-08,PAP
M0009,2016-01-08,COLORECTAL
M0009,2025-12-09,HBA1C
M0010,2025-03-25,WELLNESS
M0010,2025-12-26,FLU
M0010,2024-10-13,MAMMOGRAM
M0010,2024-02-06,PAP
M0010,2026-07-09,COLORECTAL
M0010,2019-08-09,LIPID
M0010,2026-08-02,HBA1C
M0011,2026-04-23,WELLNESS
M0011,2023-12-15,PAP
M0011,2026-07-18,HBA1C
M0012,2025-09-23,WELLNESS
M0012,2025-08-09,MAMMOGRAM
M0012,2021-08-25,PAP
M0012,2022-07-25,COLORECTAL
M0012,2023-11-17,LIPID
M0012,2025-02-19,EYE_EXAM
M0013,2025-05-01,WELLNESS
M0013,2025-07-22,FLU
M0013,2026-08-28,PAP
M0013,2017-11-20,LIPID
M0013,2025-02-13,EYE_EXAM
M0014,2025-02-27,WELLNESS
M0014,2025-10-19,FLU
M0014,2023-05-28,MAMMOGRAM
M0014,2024-11-30,PAP
M0014,2015-04-16,COLORECTAL
M0014,2024-08-05,LIPID
M0014,2026-08-02,HBA1C
M0015,2026-07-27,WELLNESS
M0015,2023-05-29,MAMMOGRAM
M0015,2023-02-18,PAP
M0015,2018-08-25,LIPID
M0015,2026-04-23,HBA1C
M0015,2024-10-18,EYE_EXAM
M0016,2025-02-06,WELLNESS
M0016,2025-06-26,MAMMOGRAM
M0016,2025-03-12,PAP
M0016,2026-03-28,EYE_EXAM
M0017,2024-10-26,FLU
M0017,2025-12-04,MAMMOGRAM
M0017,2025-06-24,PAP
M0017,2023-07-09,LIPID
M0018,2025-06-29,WELLNESS
M0018,2024-10-22,MAMMOGRAM
M0018,2018-05-14,LIPID
M0018,2026-01-30,HBA1C
M0018,2026-05-14,EYE_EXAM
M0019,2025-06-22,WELLNESS
M0019,2025-10-25,FLU
M0019,2026-06-16,MAMMOGRAM
M0019,2021-01-30,COLORECTAL
M0019,2025-11-23,HBA1C
M0020,2022-12-15,PAP
M0020,2019-03-03,LIPID
M0021,2025-05-22,WELLNESS
M0021,2026-01-15,FLU
M0021,2022-12-24,MAMMOGRAM
M0021,2022-12-31,PAP
M0021,2025-02-14,COLORECTAL
M0021,2025-10-12,HBA1C
M0021,2025-03-05,EYE_EXAM
M0022,2025-12-08,WELLNESS
M0022,2025-01-03,FLU
M0022,2024-12-02,MAMMOGRAM
M0022,2020-12-11,PAP
M0022,2013-09-30,COLORECTAL
M0022,2026-03-08,LIPID
M0022,2025-03-03,EYE_EXAM
M0023,2024-12-29,MAMMOGRAM
M0023,2022-02-06,PAP
M0023,2011-01-16,COLORECTAL
M0023,2025-04-02,LIPID
M0023,2026-02-23,HBA1C
M0024,2025-06-22,WELLNESS
M0024,2021-09-22,PAP
M0024,2021-11-20,COLORECTAL
M0024,2017-10-11,LIPID
M0025,2026-01-08,WELLNESS
M0025,2025-07-25,MAMMOGRAM
M0025,2026-02-28,PAP
M0025,2016-01-09,COLORECTAL
M0025,2024-11-30,EYE_EXAM
M0026,2026-05-19,FLU
M0026,2020-11-14,PAP
M0026,2014-03-06,COLORECTAL
M0026,2017-03-02,LIPID
M0026,2026-06-29,HBA1C
M0027,2023-08-10,MAMMOGRAM
M0027,2024-11-23,PAP
M0027,2023-10-10,LIPID
M0028,2025-11-17,WELLNESS
M0028,2025-09-27,FLU
M0028,2023-08-26,MAMMOGRAM
M0028,2024-12-27,PAP
M0028,2011-02-12,COLORECTAL
M0028,2024-04-12,LIPID
M0028,2026-02-09,HBA1C
M0028,2025-05-16,EYE_EXAM
M0029,2025-01-24,FLU
M0029,2026-08-24,MAMMOGRAM
M0029,2017-12-07,COLORECTAL
M0029,2025-02-23,EYE_EXAM
M0030,2025-08-03,WELLNESS
M0030,2025-07-18,FLU
M0030,2026-02-16,HBA1C
M0030,2024-10-27,EYE_EXAM
M0031,2025-08-13,WELLNESS
M0031,2025-05-28,FLU
M0031,2024-07-21,MAMMOGRAM
M0031,2021-12-14,PAP
M0031,2024-11-04,COLORECTAL
M0031,2018-04-12,LIPID
M0031,2026-03-10,HBA1C
M0031,2026-06-27,EYE_EXAM
M0032,2024-01-10,MAMMOGRAM
M0032,2021-10-16,COLORECTAL
M0032,2023-10-22,LIPID
M0032,2024-12-23,EYE_EXAM
M0033,2025-10-21,WELLNESS
M0033,2025-08-17,FLU
M0033,2025-07-26,MAMMOGRAM
M0033,2023-12-16,PAP
M0033,2009-05-09,COLORECTAL
M0033,2019-01-03,LIPID
M0033,2025-02-03,EYE_EXAM
M0034,2025-09-21,WELLNESS
M0034,2025-07-02,FLU
M0034,2022-08-14,PAP
M0034,2025-03-20,EYE_EXAM
M0035,2025-01-07,WELLNESS
M0035,2025-12-28,FLU
M0035,2021-08-16,PAP
M0035,2016-04-04,COLORECTAL
M0035,2019-03-10,LIPID
M0035,2026-08-22,HBA1C
M0035,2025-10-08,EYE_EXAM
M0036,2025-01-03,WELLNESS
M0036,2026-08-16,MAMMOGRAM
M0036,2024-07-15,PAP
M0036,2010-07-13,COLORECTAL
M0036,2020-06-14,LIPID
M0037,2025-07-18,WELLNESS
M0037,2023-06-02,MAMMOGRAM
M0037,2022-10-28,PAP
M0037,2009-12-13,COLORECTAL
M0037,2022-09-25,LIPID
M0037,2025-12-22,EYE_EXAM
M0038,2025-04-28,WELLNESS
M0038,2025-01-10,FLU
M0038,2023-07-04,PAP
M0038,2026-03-05,HBA1C
M0038,2026-08-22,EYE_EXAM
M0039,2026-04-29,WELLNESS
M0039,2026-07-17,PAP
M0039,2016-02-25,COLORECTAL
M0039,2022-11-10,LIPID
M0039,2026-08-10,HBA1C
M0039,2025-05-04,EYE_EXAM
M0040,2025-02-06,WELLNESS
M0040,2025-04-15,MAMMOGRAM
M0040,2022-01-05,PAP
M0040,2025-12-12,HBA1C
M0040,2025-06-09,EYE_EXAM
M0041,2024-04-24,PAP
M0041,2024-11-09,COLORECTAL
M0041,2024-09-24,LIPID
M0041,2026-06-17,HBA1C
M0041,2025-06-01,EYE_EXAM
M0042,2022-10-29,MAMMOGRAM
M0042,2023-09-18,PAP
M0043,2026-03-20,WELLNESS
M0043,2023-06-28,MAMMOGRAM
M0043,2016-03-02,COLORECTAL
M0044,2024-02-11,PAP
M0044,2026-08-26,HBA1C
M0045,2025-06-10,WELLNESS
M0045,2023-05-26,MAMMOGRAM
M0045,2021-03-01,PAP
M0045,2022-02-06,LIPID
M0045,2026-07-14,HBA1C
M0046,2026-06-07,WELLNESS
M0046,2025-10-09,FLU
M0046,2024-05-31,MAMMOGRAM
M0046,2016-12-06,LIPID
M0046,2026-02-06,HBA1C
M0046,2025-03-24,EYE_EXAM
M0047,2026-04-24,WELLNESS
M0047,2023-12-18,MAMMOGRAM
M0047,2023-12-30,PAP
M0047,2026-07-11,LIPID
M0047,2026-07-20,HBA1C
M0047,2026-05-12,EYE_EXAM
M0048,2025-04-29,FLU
M0048,2025-01-21,PAP
M0048,2013-03-27,COLORECTAL
M0048,2025-02-23,LIPID
M0048,2025-07-08,EYE_EXAM
M0049,2024-10-30,FLU
M0049,2025-11-05,MAMMOGRAM
M0049,2021-04-01,PAP
M0049,2014-04-20,COLORECTAL
M0049,2026-03-25,HBA1C
M0050,2025-05-09,WELLNESS
M0050,2024-12-21,PAP
M0050,2025-11-06,COLORECTAL
M0050,2020-01-23,LIPID
M0050,2026-07-16,HBA1C
M0051,2025-03-12,MAMMOGRAM
M0051,2022-03-22,PAP
M0052,2024-11-28,WELLNESS
M0052,2025-05-28,MAMMOGRAM
M0052,2024-06-21,COLORECTAL
M0052,2026-03-19,EYE_EXAM
M0053,2025-06-21,WELLNESS
M0053,2025-03-11,FLU
M0053,2022-11-09,MAMMOGRAM
M0053,2024-11-28,COLORECTAL
M0053,2026-05-05,HBA1C
M0053,2025-01-16,EYE_EXAM
M0054,2025-01-24,MAMMOGRAM
M0054,2016-10-09,COLORECTAL
M0054,2025-06-28,EYE_EXAM
M0055,2025-08-11,FLU
M0055,2023-06-16,MAMMOGRAM
M0055,2023-05-15,PAP
M0055,2008-01-24,COLORECTAL
M0055,2025-11-20,HBA1C
M0056,2024-11-23,FLU
M0056,2025-04-10,MAMMOGRAM
M0057,2026-04-24,WELLNESS
M0057,2025-11-07,FLU
M0057,2024-05-08,MAMMOGRAM
M0057,2025-03-13,PAP
M0057,2025-12-23,HBA1C
M0058,2026-05-11,FLU
M0058,2026-04-04,MAMMOGRAM
M0058,2024-02-24,PAP
M0059,2026-05-02,WELLNESS
M0059,2024-10-17,FLU
M0059,2022-05-29,PAP
M0059,2026-05-09,HBA1C
M0059,2024-12-10,EYE_EXAM
M0060,2025-10-31,FLU
M0060,2026-03-04,PAP
M0060,2021-02-26,LIPID
M0060,2026-05-08,HBA1C
M0061,2026-03-31,WELLNESS
M0061,2026-02-28,HBA1C
M0061,2025-06-07,EYE_EXAM
M0062,2025-02-17,MAMMOGRAM
M0062,2025-04-23,PAP
M0062,2026-05-20,HBA1C
M0063,2025-02-15,FLU
M0063,2025-06-20,MAMMOGRAM
M0063,2009-04-24,COLORECTAL
M0063,2019-12-30,LIPID
M0063,2026-06-23,HBA1C
M0064,2026-01-05,WELLNESS
M0064,2026-08-20,FLU
M0064,2026-05-21,MAMMOGRAM
M0064,2021-12-16,PAP
M0064,2009-12-15,COLORECTAL
M0064,2021-08-26,LIPID
M0064,2026-05-17,EYE_EXAM
M0065,2024-11-16,WELLNESS
M0065,2023-12-30,MAMMOGRAM
M0065,2024-04-04,COLORECTAL
M0065,2021-09-15,LIPID
M0065,2026-07-26,HBA1C
M0065,2026-04-07,EYE_EXAM
M0066,2025-01-02,FLU
M0066,2024-02-19,MAMMOGRAM
M0066,2021-11-08,PAP
M0066,2010-12-10,COLORECTAL
M0066,2019-05-04,LIPID
M0067,2025-05-29,WELLNESS
M0067,2026-05-31,FLU
M0067,2024-12-04,MAMMOGRAM
M0067,2023-04-04,COLORECTAL
M0067,2026-07-21,HBA1C
M0068,2025-01-13,WELLNESS
M0068,2022-12-03,MAMMOGRAM
M0068,2022-09-18,PAP
M0068,2026-08-10,HBA1C
M0069,2025-04-30,WELLNESS
M0069,2026-05-18,FLU
M0069,2023-07-24,MAMMOGRAM
M0069,2023-07-22,PAP
M0069,2008-07-29,COLORECTAL
M0069,2020-05-22,LIPID
M0070,2025-10-24,WELLNESS
M0070,2025-08-30,MAMMOGRAM
M0070,2017-09-09,COLORECTAL
M0070,2018-05-15,LIPID
M0070,2025-03-11,EYE_EXAM
M0071,2025-10-08,WELLNESS
M0071,2026-03-16,MAMMOGRAM
M0071,2009-10-04,COLORECTAL
M0071,2024-10-28,EYE_EXAM
M0072,2025-06-22,WELLNESS
M0072,2025-01-06,FLU
M0072,2022-12-09,MAMMOGRAM
M0072,2024-03-16,PAP
M0072,2013-03-28,COLORECTAL
M0072,2024-05-21,LIPID
M0072,2026-05-20,HBA1C
M0073,2025-08-12,FLU
M0073,2025-05-22,MAMMOGRAM
M0073,2022-09-16,PAP
M0073,2007-05-09,COLORECTAL
M0073,2026-01-13,HBA1C
M0074,2026-08-15,WELLNESS
M0074,2023-03-20,MAMMOGRAM
M0074,2022-08-15,PAP
M0074,2007-09-27,COLORECTAL
M0074,2021-10-17,LIPID
M0074,2025-12-11,HBA1C
M0074,2025-10-23,EYE_EXAM
M0075,2026-05-12,WELLNESS
M0075,2026-02-19,FLU
M0075,2025-01-09,PAP
M0075,2023-05-25,COLORECTAL
M0075,2024-09-25,LIPID
M0076,2023-07-07,MAMMOGRAM
M0076,2019-08-24,LIPID
M0076,2026-01-23,HBA1C
M0076,2025-06-10,EYE_EXAM
M0077,2025-05-21,WELLNESS
M0077,2026-07-09,FLU
M0077,2025-01-26,MAMMOGRAM
M0077,2025-09-01,PAP
M0077,2021-06-28,LIPID
M0077,2026-08-15,HBA1C
M0077,2025-01-28,EYE_EXAM
M0078,2025-09-19,FLU
M0078,2024-09-29,PAP
M0078,2010-10-23,COLORECTAL
M0078,2021-10-02,LIPID
M0078,2025-10-28,HBA1C
M0078,2025-08-20,EYE_EXAM
M0079,2024-11-28,WELLNESS
M0079,2026-02-24,MAMMOGRAM
M0079,2022-05-06,PAP
M0079,2010-06-13,COLORECTAL
M0080,2024-11-03,WELLNESS
M0080,2023-05-06,MAMMOGRAM
M0080,2014-02-22,COLORECTAL
M0080,2017-10-20,LIPID
M0080,2026-07-02,HBA1C
M0081,2025-08-30,WELLNESS
M0081,2026-01-29,FLU
M0081,2023-12-15,MAMMOGRAM
M0081,2025-02-19,PAP
M0081,2020-01-17,COLORECTAL
M0081,2025-12-03,HBA1C
M0082,2026-04-01,WELLNESS
M0082,2024-12-05,FLU
M0082,2021-10-09,PAP
M0082,2018-07-05,COLORECTAL
M0082,2026-01-21,HBA1C
M0083,2025-01-29,FLU
M0083,2023-07-09,PAP
M0083,2021-12-26,LIPID
M0084,2026-05-23,FLU
M0084,2025-04-13,PAP
M0084,2009-07-25,COLORECTAL
M0084,2021-08-22,LIPID
M0084,2025-06-15,EYE_EXAM
M0085,2025-04-09,WELLNESS
M0085,2025-08-06,FLU
M0085,2026-05-13,PAP
M0085,2024-06-16,COLORECTAL
M0086,2024-12-14,FLU
M0086,2026-03-27,MAMMOGRAM
M0086,2024-04-05,PAP
M0086,2018-07-11,LIPID
M0086,2025-11-14,EYE_EXAM
M0087,2026-05-15,WELLNESS
M0087,2023-09-04,MAMMOGRAM
M0087,2020-11-25,PAP
M0087,2010-07-25,COLORECTAL
M0087,2021-11-12,LIPID
M0087,2026-03-09,HBA1C
M0087,2025-07-06,EYE_EXAM
M0088,2025-04-04,FLU
M0088,2024-06-28,MAMMOGRAM
M0088,2018-01-01,COLORECTAL
M0088,2026-08-28,HBA1C
M0088,2026-06-28,EYE_EXAM
M0089,2025-02-23,WELLNESS
M0089,2024-11-16,FLU
M0089,2022-11-03,MAMMOGRAM
M0089,2021-04-24,PAP
M0089,2026-01-14,HBA1C
M0089,2026-02-11,EYE_EXAM
M0090,2025-02-26,WELLNESS
M0090,2026-07-30,FLU
M0090,2022-09-04,PAP
M0090,2019-04-30,LIPID
M0090,2026-07-04,HBA1C
M0091,2025-04-14,FLU
M0091,2023-10-08,MAMMOGRAM
M0091,2025-10-02,PAP
M0091,2019-12-04,LIPID
M0091,2025-11-09,EYE_EXAM
M0092,2025-06-26,WELLNESS
M0092,2025-06-08,FLU
M0092,2026-06-11,MAMMOGRAM
M0092,2025-10-13,HBA1C
M0093,2026-03-26,WELLNESS
M0093,2023-04-10,MAMMOGRAM
M0093,2023-11-06,COLORECTAL
M0093,2017-12-13,LIPID
M0093,2025-02-02,EYE_EXAM
M0094,2026-06-19,WELLNESS
M0094,2025-03-12,FLU
M0094,2024-12-01,MAMMOGRAM
M0094,2024-02-19,COLORECTAL
M0094,2024-08-04,LIPID
M0094,2026-02-19,HBA1C
M0095,2025-04-21,WELLNESS
M0095,2026-04-20,FLU
M0095,2021-09-08,PAP
M0096,2025-04-26,LIPID
M0097,2025-02-18,WELLNESS
M0097,2026-06-09,FLU
M0097,2024-06-12,MAMMOGRAM
M0097,2018-01-20,LIPID
M0097,2025-11-15,HBA1C
M0097,2025-10-16,EYE_EXAM
M0098,2025-02-18,WELLNESS
M0098,2025-12-15,MAMMOGRAM
M0098,2026-01-22,PAP
M0098,2023-04-09,LIPID
M0098,2026-03-24,HBA1C
M0099,2026-04-30,FLU
M0099,2012-04-21,COLORECTAL
M0099,2020-03-02,LIPID
M0099,2025-10-21,HBA1C
M0100,2024-11-18,WELLNESS
M0100,2025-07-01,MAMMOGRAM
M0100,2012-05-07,COLORECTAL
M0100,2019-08-25,LIPID
M0100,2025-10-12,HBA1C
M0101,2025-07-07,WELLNESS
M0101,2026-02-09,FLU
M0101,2025-11-15,MAMMOGRAM
M0101,2023-02-06,PAP
M0101,2025-08-22,EYE_EXAM
M0102,2025-12-26,WELLNESS
M0102,2026-07-16,FLU
M0102,2024-07-11,MAMMOGRAM
M0102,2007-04-10,COLORECTAL
M0103,2025-10-25,WELLNESS
M0103,2026-06-05,FLU
M0103,2023-12-24,PAP
M0103,2018-10-07,COLORECTAL
M0103,2023-07-11,LIPID
M0103,2026-01-08,HBA1C
M0103,2026-08-28,EYE_EXAM
M0104,2025-07-22,FLU
M0104,2023-07-13,MAMMOGRAM
M0104,2023-06-11,PAP
M0104,2015-05-16,COLORECTAL
M0104,2020-07-06,LIPID
M0104,2025-10-21,HBA1C
M0105,2023-10-29,MAMMOGRAM
M0105,2026-03-25,PAP
M0105,2023-08-10,COLORECTAL
M0105,2026-04-06,EYE_EXAM
M0106,2024-12-13,WELLNESS
M0106,2024-10-17,MAMMOGRAM
M0106,2020-12-18,PAP
M0106,2010-10-14,COLORECTAL
M0106,2021-05-09,LIPID
M0106,2024-10-16,EYE_EXAM
M0107,2024-11-03,WELLNESS
M0107,2026-02-07,PAP
M0107,2022-11-09,COLORECTAL
M0107,2018-08-05,LIPID
M0108,2025-10-19,WELLNESS
M0108,2025-07-10,FLU
M0108,2021-05-23,PAP
M0108,2026-06-27,HBA1C
M0108,2025-02-08,EYE_EXAM
M0109,2025-03-09,WELLNESS
M0109,2025-09-08,FLU
M0109,2026-01-01,HBA1C
M0109,2025-12-27,EYE_EXAM
M0110,2023-12-28,MAMMOGRAM
M0110,2023-08-12,PAP
M0110,2013-10-26,COLORECTAL
M0110,2026-02-15,HBA1C
M0111,2023-08-22,PAP
M0111,2025-10-25,HBA1C
M0112,2025-07-09,FLU
M0112,2024-01-12,MAMMOGRAM
M0112,2025-02-19,PAP
M0112,2014-05-03,COLORECTAL
M0112,2026-01-05,HBA1C
M0112,2026-02-13,EYE_EXAM
M0113,2026-07-29,FLU
M0113,2024-09-15,PAP
M0113,2017-04-20,LIPID
M0113,2025-12-26,HBA1C
M0113,2025-11-13,EYE_EXAM
M0114,2025-05-28,FLU
M0114,2021-02-20,PAP
M0114,2021-01-09,LIPID
M0114,2026-05-30,HBA1C
M0115,2025-08-06,MAMMOGRAM
M0115,2022-02-18,PAP
M0115,2025-09-15,LIPID
M0115,2026-07-19,HBA1C
M0115,2026-04-15,EYE_EXAM
M0116,2025-12-06,WELLNESS
M0116,2023-06-20,MAMMOGRAM
M0116,2022-08-25,PAP
M0116,2025-05-09,LIPID
M0116,2026-06-16,HBA1C
M0116,2025-04-09,EYE_EXAM
M0117,2026-04-22,FLU
M0117,2024-02-17,MAMMOGRAM
M0117,2020-07-09,LIPID
M0118,2025-03-14,WELLNESS
M0118,2023-07-08,MAMMOGRAM
M0118,2021-01-04,PAP
M0118,2014-08-23,COLORECTAL
M0118,2023-01-01,LIPID
M0118,2026-02-07,EYE_EXAM
M0119,2025-03-29,FLU
M0119,2023-07-09,MAMMOGRAM
M0119,2021-06-30,PAP
M0119,2026-06-08,LIPID
M0119,2026-09-04,HBA1C
M0120,2024-01-13,MAMMOGRAM
M0120,2022-02-04,PAP
M0120,2023-08-23,COLORECTAL
M0121,2024-10-28,WELLNESS
M0121,2024-09-23,MAMMOGRAM
M0121,2022-04-10,PAP
M0121,2010-05-10,COLORECTAL
M0122,2026-01-13,WELLNESS
M0122,2025-09-16,FLU
M0122,2025-08-15,MAMMOGRAM
M0122,2017-08-08,LIPID
M0123,2025-01-01,WELLNESS
M0123,2026-03-08,PAP
M0123,2021-06-04,COLORECTAL
M0123,2018-03-22,LIPID
M0123,2025-04-08,EYE_EXAM
M0124,2026-04-12,WELLNESS
M0124,2024-05-12,MAMMOGRAM
M0124,2025-12-30,PAP
M0124,2013-05-30,COLORECTAL
M0125,2025-07-06,FLU
M0125,2024-12-30,MAMMOGRAM
M0125,2021-05-15,PAP
M0125,2021-08-16,COLORECTAL
M0125,2018-09-29,LIPID
M0125,2026-01-11,HBA1C
M0126,2026-02-09,WELLNESS
M0126,2026-06-17,FLU
M0126,2010-06-06,COLORECTAL
M0126,2026-02-24,HBA1C
M0127,2026-02-04,WELLNESS
M0127,2026-08-05,MAMMOGRAM
M0127,2024-07-19,PAP
M0127,2018-03-22,LIPID
M0127,2026-05-04,HBA1C
M0128,2025-03-08,FLU
M0128,2022-08-24,PAP
M0128,2015-07-12,COLORECTAL
M0128,2017-09-04,LIPID
M0128,2025-10-13,EYE_EXAM
M0129,2023-07-30,MAMMOGRAM
M0129,2017-04-25,COLORECTAL
M0129,2024-06-24,LIPID
M0129,2026-02-23,HBA1C
M0129,2025-12-28,EYE_EXAM
M0130,2025-09-10,WELLNESS
M0130,2025-02-23,FLU
M0130,2023-08-22,MAMMOGRAM
M0130,2017-04-09,LIPID
M0131,2025-04-06,FLU
M0131,2026-05-05,MAMMOGRAM
M0131,2025-12-30,HBA1C
M0131,2025-03-10,EYE_EXAM
M0132,2024-10-15,FLU
M0132,2025-09-03,MAMMOGRAM
M0132,2025-08-07,PAP
M0132,2021-04-10,COLORECTAL
M0132,2020-10-10,LIPID
M0132,2026-03-08,HBA1C
M0132,2025-07-26,EYE_EXAM
M0133,2026-06-15,WELLNESS
M0133,2018-03-05,COLORECTAL
M0133,2021-05-05,LIPID
M0133,2026-09-01,HBA1C
M0134,2007-03-18,COLORECTAL
M0134,2026-04-20,HBA1C
M0134,2026-06-21,EYE_EXAM
M0135,2025-07-25,FLU
M0135,2023-12-26,PAP
M0135,2007-08-18,COLORECTAL
M0135,2020-08-13,LIPID
M0135,2026-06-26,HBA1C
M0136,2024-12-16,FLU
M0136,2023-01-08,PAP
M0136,2020-07-19,COLORECTAL
M0136,2026-05-12,HBA1C
M0136,2025-08-17,EYE_EXAM
M0137,2025-10-25,MAMMOGRAM
M0137,2024-12-13,PAP
M0137,2025-06-26,LIPID
M0137,2026-04-01,HBA1C
M0137,2025-12-03,EYE_EXAM
M0138,2025-07-15,WELLNESS
M0138,2026-06-06,FLU
M0138,2026-02-27,MAMMOGRAM
M0138,2023-01-16,PAP
M0138,2022-01-15,LIPID
M0138,2026-07-24,HBA1C
M0139,2025-12-05,WELLNESS
M0139,2026-07-03,FLU
M0139,2025-02-17,MAMMOGRAM
M0139,2021-04-01,PAP
M0139,2023-11-30,LIPID
M0139,2024-12-13,EYE_EXAM
M0140,2024-12-09,WELLNESS
M0140,2025-10-03,FLU
M0140,2024-04-07,MAMMOGRAM
M0140,2026-03-25,HBA1C
M0141,2024-11-26,WELLNESS
M0141,2025-01-24,FLU
M0141,2023-07-15,PAP
M0141,2025-05-27,LIPID
M0141,2025-02-24,EYE_EXAM
M0142,2025-11-11,WELLNESS
M0142,2024-05-21,MAMMOGRAM
M0142,2019-11-21,COLORECTAL
M0142,2019-04-18,LIPID
M0142,2026-02-01,HBA1C
M0143,2026-06-22,MAMMOGRAM
M0143,2008-06-17,COLORECTAL
M0143,2019-07-11,LIPID
M0143,2025-12-25,EYE_EXAM
M0144,2024-11-14,WELLNESS
M0144,2024-10-26,MAMMOGRAM
M0144,2026-06-11,COLORECTAL
M0144,2024-03-10,LIPID
M0144,2025-12-14,HBA1C
M0144,2025-01-24,EYE_EXAM
M0145,2026-08-11,WELLNESS
M0145,2025-11-07,FLU
M0145,2026-03-14,MAMMOGRAM
M0145,2025-02-02,PAP
M0145,2018-12-26,COLORECTAL
M0145,2024-05-11,LIPID
M0145,2026-03-11,HBA1C
M0145,2025-06-14,EYE_EXAM
M0146,2025-09-19,FLU
M0146,2010-01-26,COLORECTAL
M0146,2024-09-21,LIPID
M0146,2026-03-20,HBA1C
M0146,2025-05-20,EYE_EXAM
M0147,2024-12-16,WELLNESS
M0147,2024-04-09,MAMMOGRAM
M0147,2024-04-09,PAP
M0147,2009-10-21,COLORECTAL
M0147,2025-03-05,EYE_EXAM
M0148,2024-11-20,FLU
M0148,2024-07-02,MAMMOGRAM
M0148,2018-11-16,COLORECTAL
M0148,2021-07-18,LIPID
M0149,2026-05-09,WELLNESS
M0149,2026-04-14,FLU
M0149,2024-05-02,MAMMOGRAM
M0149,2022-05-18,PAP
M0149,2015-10-07,COLORECTAL
M0150,2025-06-01,WELLNESS
M0150,2022-04-21,COLORECTAL
M0150,2025-04-17,EYE_EXAM
M0151,2025-02-04,WELLNESS
M0151,2026-01-23,FLU
M0151,2025-02-20,MAMMOGRAM
M0151,2023-06-11,PAP
M0151,2016-06-03,COLORECTAL
M0151,2018-01-06,LIPID
M0151,2026-05-13,EYE_EXAM
M0152,2025-06-11,FLU
M0152,2024-04-18,MAMMOGRAM
M0152,2023-11-27,PAP
M0152,2025-12-15,COLORECTAL
M0152,2022-10-09,LIPID
M0152,2026-05-08,EYE_EXAM
M0153,2023-03-24,MAMMOGRAM
M0153,2024-05-12,PAP
M0153,2025-12-07,HBA1C
M0153,2025-03-03,EYE_EXAM
M0154,2024-05-16,MAMMOGRAM
M0154,2026-06-30,HBA1C
M0154,2025-10-11,EYE_EXAM
M0155,2026-06-20,FLU
M0155,2015-02-12,COLORECTAL
M0156,2017-01-16,COLORECTAL
M0156,2026-03-24,HBA1C
M0157,2023-03-03,MAMMOGRAM
M0157,2023-11-23,COLORECTAL
M0157,2026-01-15,HBA1C
M0157,2025-06-24,EYE_EXAM
M0158,2024-08-28,MAMMOGRAM
M0158,2022-07-05,PAP
M0158,2025-10-20,HBA1C
M0158,2026-01-09,EYE_EXAM
M0159,2026-04-23,WELLNESS
M0159,2025-03-23,FLU
M0159,2022-10-29,PAP
M0159,2026-06-30,HBA1C
M0159,2026-01-14,EYE_EXAM
M0160,2026-04-22,WELLNESS
M0160,2026-08-02,PAP
M0160,2022-09-28,LIPID
M0161,2026-05-02,WELLNESS
M0161,2025-08-08,FLU
M0161,2024-04-09,MAMMOGRAM
M0161,2025-02-10,PAP
M0161,2012-03-22,COLORECTAL
M0161,2020-06-22,LIPID
M0162,2025-04-02,WELLNESS
M0162,2025-07-31,FLU
M0162,2026-05-17,MAMMOGRAM
M0162,2022-05-09,LIPID
M0162,2025-12-24,HBA1C
M0163,2025-01-31,WELLNESS
M0163,2025-02-23,FLU
M0163,2026-08-02,HBA1C
M0163,2026-01-28,EYE_EXAM
M0164,2025-07-21,WELLNESS
M0164,2025-03-05,FLU
M0164,2025-10-28,MAMMOGRAM
M0164,2023-03-16,PAP
M0164,2022-02-14,COLORECTAL
M0164,2026-03-22,HBA1C
M0164,2024-11-25,EYE_EXAM
M0165,2026-06-09,WELLNESS
M0165,2023-04-01,MAMMOGRAM
M0165,2010-01-17,COLORECTAL
M0165,2026-08-30,HBA1C
M0166,2025-12-14,WELLNESS
M0166,2026-04-29,FLU
M0166,2026-05-08,LIPID
M0166,2026-01-29,HBA1C
M0166,2026-07-02,EYE_EXAM
M0167,2025-02-02,WELLNESS
M0167,2026-03-28,FLU
M0167,2026-02-07,MAMMOGRAM
M0167,2018-05-16,LIPID
M0167,2026-08-14,HBA1C
M0168,2026-07-31,WELLNESS
M0168,2024-11-03,FLU
M0168,2024-11-15,MAMMOGRAM
M0168,2023-02-03,PAP
M0168,2024-12-06,COLORECTAL
M0168,2025-05-04,LIPID
M0168,2026-08-10,HBA1C
M0168,2025-03-26,EYE_EXAM
M0169,2026-06-09,FLU
M0169,2026-08-20,MAMMOGRAM
M0169,2023-05-30,PAP
M0169,2019-11-12,COLORECTAL
M0169,2026-03-01,HBA1C
M0169,2025-04-18,EYE_EXAM
M0170,2025-09-16,WELLNESS
M0170,2022-12-03,PAP
M0170,2011-12-09,COLORECTAL
M0170,2018-05-27,LIPID
M0170,2025-03-12,EYE_EXAM
M0171,2026-01-11,FLU
M0171,2022-07-03,PAP
M0171,2009-11-27,COLORECTAL
M0171,2025-08-10,LIPID
M0171,2025-10-14,HBA1C
M0172,2025-10-18,WELLNESS
M0172,2024-11-06,MAMMOGRAM
M0172,2023-08-19,PAP
M0172,2022-02-18,COLORECTAL
M0172,2018-01-16,LIPID
M0172,2026-06-18,HBA1C
M0172,2025-06-02,EYE_EXAM
M0173,2025-05-19,WELLNESS
M0173,2026-05-06,FLU
M0173,2022-10-31,MAMMOGRAM
M0173,2026-03-24,PAP
M0173,2007-06-20,COLORECTAL
M0173,2025-08-28,LIPID
M0174,2025-07-18,WELLNESS
M0174,2023-08-06,MAMMOGRAM
M0174,2021-07-01,PAP
M0174,2008-11-16,COLORECTAL
M0174,2026-07-19,LIPID
M0174,2026-05-15,HBA1C
M0174,2025-07-22,EYE_EXAM
M0175,2026-07-01,WELLNESS
M0175,2024-11-13,FLU
M0175,2025-12-16,MAMMOGRAM
M0175,2022-12-17,PAP
M0175,2016-05-04,COLORECTAL
M0175,2020-03-30,LIPID
M0175,2026-02-15,HBA1C
M0175,2025-08-10,EYE_EXAM
M0176,2026-04-06,WELLNESS
M0176,2024-12-10,FLU
M0176,2014-04-30,COLORECTAL
M0176,2025-09-11,LIPID
M0176,2026-06-27,HBA1C
M0176,2024-11-16,EYE_EXAM
M0177,2023-08-17,MAMMOGRAM
M0177,2013-12-29,COLORECTAL
M0177,2022-04-29,LIPID
M0177,2026-08-23,HBA1C
M0177,2026-01-24,EYE_EXAM
M0178,2025-01-15,WELLNESS
M0178,2023-12-23,PAP
M0178,2008-05-15,COLORECTAL
M0179,2025-10-15,WELLNESS
M0179,2010-12-20,COLORECTAL
M0179,2020-04-24,LIPID
M0179,2025-11-21,HBA1C
M0180,2024-12-28,WELLNESS
M0180,2025-03-15,FLU
M0180,2024-10-26,MAMMOGRAM
M0180,2023-10-03,COLORECTAL
M0180,2024-09-09,LIPID
M0181,2022-03-30,PAP
M0181,2019-02-17,COLORECTAL
M0181,2025-02-24,LIPID
M0182,2024-09-17,PAP
M0182,2010-03-21,COLORECTAL
M0182,2026-09-05,HBA1C
M0183,2025-10-15,WELLNESS
M0183,2025-07-06,PAP
M0183,2018-04-28,LIPID
M0183,2026-03-12,HBA1C
M0184,2026-02-03,WELLNESS
M0184,2026-06-28,FLU
M0184,2026-01-27,MAMMOGRAM
M0184,2016-11-07,COLORECTAL
M0185,2026-01-18,FLU
M0185,2026-04-08,MAMMOGRAM
M0185,2026-03-25,COLORECTAL
M0185,2025-07-04,LIPID
M0185,2026-06-10,HBA1C
M0186,2024-11-05,FLU
M0186,2024-03-30,MAMMOGRAM
M0186,2025-07-18,PAP
M0186,2022-06-02,COLORECTAL
M0186,2020-06-19,LIPID
M0187,2025-02-20,WELLNESS
M0187,2024-08-28,MAMMOGRAM
M0187,2025-09-12,PAP
M0187,2011-10-31,COLORECTAL
M0187,2026-07-18,HBA1C
M0187,2026-03-15,EYE_EXAM
M0188,2024-10-29,FLU
M0188,2023-01-30,MAMMOGRAM
M0188,2024-08-09,PAP
M0188,2018-02-15,COLORECTAL
M0188,2021-09-06,LIPID
M0188,2026-01-23,HBA1C
M0188,2026-01-17,EYE_EXAM
M0189,2023-05-17,MAMMOGRAM
M0189,2025-12-30,PAP
M0189,2025-12-05,HBA1C
M0190,2023-10-13,MAMMOGRAM
M0190,2026-01-19,HBA1C
M0190,2026-03-18,EYE_EXAM
M0191,2024-12-02,FLU
M0191,2023-05-06,MAMMOGRAM
M0191,2025-12-05,PAP
M0191,2014-03-15,COLORECTAL
M0191,2023-01-09,LIPID
M0191,2026-08-24,EYE_EXAM
M0192,2025-01-17,WELLNESS
M0192,2024-05-31,COLORECTAL
M0193,2025-11-27,FLU
M0193,2023-03-19,MAMMOGRAM
M0193,2022-12-18,LIPID
M0193,2025-05-07,EYE_EXAM
M0194,2025-04-20,WELLNESS
M0194,2019-12-10,COLORECTAL
M0194,2026-03-25,HBA1C
M0194,2025-07-06,EYE_EXAM
M0195,2023-02-11,COLORECTAL
M0195,2018-09-21,LIPID
M0195,2026-06-28,HBA1C
M0196,2025-05-26,WELLNESS
M0196,2025-09-01,FLU
M0196,2021-06-22,PAP
M0196,2012-06-05,COLORECTAL
M0196,2025-04-23,EYE_EXAM
M0197,2025-09-18,WELLNESS
M0197,2025-12-15,FLU
M0197,2018-01-04,COLORECTAL
M0197,2017-02-07,LIPID
M0197,2026-05-19,HBA1C
M0198,2026-08-27,WELLNESS
M0198,2026-04-23,FLU
M0198,2021-01-07,COLORECTAL
M0199,2026-01-25,WELLNESS
M0199,2025-03-21,FLU
M0199,2025-07-13,PAP
M0199,2011-10-28,COLORECTAL
M0199,2025-01-05,EYE_EXAM
M0200,2025-11-26,WELLNESS
M0200,2023-05-01,PAP
M0200,2015-01-29,COLORECTAL
