member_id,name,dob,sex,conditions
M0001,Kiran Reddy,1968-08-23,F,
M0002,Rahul Iyer,1964-01-15,M,
M0003,Neha Sharma,1970-06-06,F,
M0004,Vikram Patel,2003-06-14,F,
M0005,Asha Reddy,1964-01-09,F,
M0006,Priya Patel,1974-06-06,M,
M0007,Asha Sharma,1979-01-20,M,
M0008,Sana Nair,1960-07-22,F,
M0009,Rahul Sharma,1989-06-14,F,
M0010,Priya Patel,1981-06-30,F,
M0011,Sana Das,1953-05-07,F,
M0012,Asha Sharma,1986-03-13,M,
M0013,Kiran Khan,2002-09-16,F,
M0014,Kiran Rao,1966-02-13,F,
M0015,Rahul Reddy,1993-03-21,F,
M0016,Ravi Rao,1967-05-20,M,
M0017,Neha Rao,1980-01-12,M,
M0018,Sana Rao,1994-10-27,M,
M0019,Arjun Gupta,2003-10-23,F,
M0020,Kiran Khan,1981-12-03,F,
M0021,Asha Das,1991-07-25,F,
M0022,Sana Khan,1987-10-01,F,
M0023,Ravi Patel,1964-11-11,F,
M0024,Asha Iyer,1951-07-27,M,
M0025,Rahul Patel,1997-11-09,F,
M0026,Kiran Khan,1972-07-11,M,
M0027,Vikram Gupta,1966-01-22,M,
M0028,Sana Das,1991-01-21,M,
M0029,Priya Gupta,1982-09-15,F,
M0030,Sana Singh,1956-12-18,F,
M0031,Vikram Khan,2007-08-29,M,diabetes
M0032,Kiran Reddy,1958-11-23,F,
M0033,Ravi Gupta,1947-08-28,F,
M0034,Arjun Sharma,1958-10-01,M,
M0035,Neha Das,1946-11-26,M,
M0036,Sana Patel,1997-02-05,F,
M0037,Asha Sharma,1966-10-21,M,
M0038,Neha Khan,1994-08-13,F,
M0039,Asha Nair,1963-01-21,F,
M0040,Rahul Rao,2001-09-08,M,
M0041,Rahul Rao,1988-12-17,M,
M0042,Kiran Iyer,1963-12-21,M,
M0043,Sana Khan,1981-08-19,F,
M0044,Rahul Rao,1976-01-15,M,
M0045,Meera Das,1965-06-05,F,
M0046,Priya Nair,1987-03-19,M,
M0047,Asha Reddy,1984-12-01,M,
M0048,Sana Nair,1979-08-18,F,
M0049,Sana Iyer,1987-01-29,M,
M0050,Kiran Singh,1945-11-02,F,
M0051,Meera Singh,1980-08-26,M,diabetes
M0052,Asha Gupta,1984-05-06,M,
M0053,Asha Iyer,1964-05-20,F,diabetes
M0054,Vikram Iyer,1999-06-16,M,
M0055,Kiran Singh,1964-06-14,M,
M0056,Sana Reddy,1959-09-27,M,
M0057,Vikram Rao,1950-12-07,F,
M0058,Vikram Iyer,1955-07-31,M,
M0059,Priya Rao,1957-01-10,M,diabetes
M0060,Kiran Sharma,1952-01-10,M,
M0061,Neha Singh,2000-03-27,M,
M0062,Arjun Nair,1948-06-26,M,diabetes
M0063,Kiran Khan,1970-10-09,F,
M0064,Asha Khan,1974-06-12,F,diabetes
M0065,Asha Nair,1980-02-02,F,
M0066,Rahul Nair,2004-08-07,M,
M0067,Kiran Singh,1962-07-03,M,
M0068,Arjun Khan,2003-03-04,F,
M0069,Neha Reddy,1970-05-13,M,diabetes
M0070,Sana Rao,1968-11-08,F,
M0071,Meera Patel,1995-04-04,M,
M0072,Kiran Nair,1981-02-10,M,
M0073,Asha Das,1960-06-13,M,
M0074,Priya Iyer,1953-05-16,M,
M0075,Meera Sharma,1961-05-01,F,
M0076,Vikram Das,1967-09-12,F,
M0077,Arjun Nair,1968-05-17,M,
M0078,Neha Khan,1967-07-16,M,
M0079,Arjun Gupta,1950-06-02,M,
M0080,Meera Patel,1999-04-25,F,
M0081,Priya Nair,1954-11-07,F,
M0082,Rahul Khan,1952-01-28,F,
M0083,Sana Das,1960-03-06,F,
M0084,Asha Das,1956-12-17,F,
M0085,Asha Singh,2003-06-20,M,
M0086,Vikram Khan,2000-09-22,M,
M0087,Priya Gupta,1993-05-12,F,diabetes
M0088,Arjun Sharma,1996-11-06,F,
M0089,Arjun Khan,1986-06-14,F,
M0090,Sana Nair,2006-06-30,F,
M0091,Priya Patel,1981-03-26,M,
M0092,Sana Iyer,1988-08-23,F,
M0093,Priya Patel,1948-09-25,F,
M0094,Arjun Patel,2005-12-05,F,
M0095,Kiran Gupta,2001-05-30,M,
M0096,Sana Iyer,1966-04-26,F,
M0097,Rahul Patel,1993-02-03,F,
M0098,Neha Patel,1967-09-13,M,
M0099,Sana Reddy,1994-04-19,M,
M0100,Asha Sharma,1970-04-30,F,
M0101,Ravi Rao,1978-06-14,M,
M0102,Vikram Sharma,1976-01-04,F,
M0103,Vikram Nair,1962-05-14,F,
M0104,Sana Patel,1954-08-29,M,diabetes
M0105,Arjun Nair,2001-08-07,F,
M0106,Rahul Patel,1970-01-29,F,
M0107,Asha Gupta,2001-03-12,M,
M0108,Ravi Reddy,1998-10-29,F,diabetes
M0109,Arjun Khan,1987-11-10,M,
M0110,Sana Iyer,1991-01-02,M,
M0111,Ravi Patel,1947-08-12,M,diabetes
M0112,Neha Reddy,1993-06-11,F,
M0113,Asha Sharma,1960-05-27,M,
M0114,Rahul Sharma,1952-10-04,F,
M0115,Meera Rao,1987-07-24,M,
M0116,Priya Reddy,1978-05-05,F,diabetes
M0117,Sana Patel,1948-10-29,M,
M0118,Rahul Sharma,1956-11-16,F,
M0119,Neha Das,1962-12-27,M,diabetes
M0120,Ravi Nair,1971-09-12,F,
M0121,Priya Singh,1982-04-08,M,
M0122,Neha Singh,1946-05-26,M,
M0123,Ravi Gupta,1949-10-16,F,
M0124,Arjun Reddy,1990-06-17,M,
M0125,Arjun Singh,1981-01-05,M,diabetes
M0126,Meera Singh,1973-03-21,M,
M0127,Rahul Nair,1970-09-29,F,
M0128,Neha Patel,1963-07-09,M,
M0129,Asha Gupta,1950-07-12,M,
M0130,Vikram Das,1977-01-09,M,
M0131,Kiran Sharma,1966-09-26,F,
M0132,Sana Nair,1973-03-22,F,diabetes
M0133,Kiran Reddy,2003-04-03,M,
M0134,Arjun Gupta,2003-01-29,M,
M0135,Arjun Rao,1965-05-30,F,
M0136,Priya Reddy,1964-09-10,M,diabetes
M0137,Rahul Iyer,1981-07-13,M,diabetes
M0138,Vikram Nair,2002-08-05,F,
M0139,Meera Khan,1973-06-16,F,
M0140,Asha Singh,1996-02-21,F,diabetes
M0141,Priya Patel,1964-07-10,M,
M0142,Vikram Reddy,1996-10-28,F,
M0143,Neha Nair,2004-02-24,M,
M0144,Rahul Rao,1965-11-14,M,
M0145,Rahul Nair,1994-02-27,M,
M0146,Sana Rao,1961-10-30,M,
M0147,Priya Singh,1994-03-20,F,
M0148,Ravi Iyer,1997-04-08,M,
M0149,Arjun Sharma,1963-05-22,F,
M0150,Meera Khan,1997-01-01,F,
M0151,Vikram Das,1981-10-31,M,
M0152,Arjun Nair,1972-08-21,M,
M0153,Rahul Patel,1959-06-23,F,
M0154,Sana Nair,1998-04-30,M,
M0155,Rahul Iyer,1955-06-19,M,
M0156,Ravi Das,1979-02-10,M,
M0157,Vikram Patel,1987-01-08,F,
M0158,Sana Khan,1995-10-26,F,
M0159,Asha Reddy,1980-11-15,F,
M0160,Arjun Iyer,1984-08-31,F,diabetes
M0161,Ravi Sharma,1999-03-16,M,
M0162,Sana Reddy,1989-10-26,F,
M0163,Arjun Khan,2004-01-14,F,
M0164,Neha Singh,2006-09-10,M,
M0165,Priya Reddy,1959-11-24,F,
M0166,Arjun Nair,1964-10-15,F,
M0167,Neha Patel,1991-10-15,F,
M0168,Priya Khan,2008-06-06,F,
M0169,Vikram Iyer,1946-10-02,M,diabetes
M0170,Priya Rao,1959-07-14,F,
M0171,Asha Khan,1946-06-26,M,
M0172,Meera Reddy,2003-12-12,F,
M0173,Arjun Reddy,1979-05-10,M,diabetes
M0174,Sana Khan,1983-01-27,F,
M0175,Sana Sharma,1984-10-29,F,
M0176,Meera Iyer,1965-03-16,F,
M0177,Neha Rao,1952-01-28,F,
M0178,Vikram Nair,2007-05-20,F,
M0179,Meera Khan,1948-07-04,M,
M0180,Asha Sharma,1955-02-13,M,
M0181,Meera Sharma,1988-09-14,F,diabetes
M0182,Meera Nair,1980-11-23,M,
M0183,Rahul Rao,1948-01-05,M,
M0184,Arjun Das,1997-11-21,F,
M0185,Ravi Das,1977-04-07,M,
M0186,Rahul Das,1998-09-04,F,
M0187,Ravi Rao,1991-11-10,M,
M0188,Ravi Iyer,1968-05-23,F,
M0189,Ravi Sharma,1955-06-08,F,
M0190,Ravi Singh,1949-02-23,F,
M0191,Priya Sharma,1946-07-09,F,diabetes
M0192,Meera Khan,1957-10-29,M,diabetes
M0193,Vikram Gupta,1952-03-27,M,
M0194,Sana Iyer,1950-06-09,M,diabetes
M0195,Kiran Singh,1969-11-23,F,
M0196,Kiran Rao,1974-12-31,F,
M0197,Vikram Gupta,1970-03-05,F,
M0198,Priya Nair,1967-06-27,F,
M0199,Priya Patel,1962-11-26,M,
M0200,Vikram Sharma,1970-05-28,M,
